deployment_num,project_name,recorder_lab_id_num,recorder_ID,firmware_version,micro_sd_ID,config_file_name,deployment_team,location_site_name,site_subname,latitude,longitude,gps_source,gps_accuracy_m,AM_housing,height_above_ground_m,dropoff_date,dropoff_time,dropoff_notes,habitat,setting,game_cam_present,num_game_cam_present,game_cam_deploy_num,pickup_date,pickup_time,working_at_retrieval,pickup_notes,recorder_checkin_date,recorder_checkin_notes,card_upload_date,card_upload_notes,card_data_size,FLAG,FLAG_comments
AM0041,North Country Wild,24,242A260463FAD01C,,15,June-19-2025.config,"Aidan Fauth, Liz Anderson",Grasse River,Grasse River - Cranberry Lake Wild Forest - Site 2,44.240528,-74.783405,gps,2,Case,1.5,20-Jun-25,14:41,In hard case. paired with second audiomoth (AM3_SD23) and game camera (C0347); this one did not get knocked off tree. Added point to map retroactively 10 July 2025. Logged to Aidan/Liz summer spreadsheet 17 July 2025,Deciduous,Rural,TRUE,1,C0347,11-Jul-25,13:04,,,11-Jul-25,,17-Jul-25,,,,
AM0042,North Country Wild,3,249C600363FAC63F,,23,June-19-2025.config,"Aidan Fauth, Liz Anderson",Grasse River,Grasse River - Cranberry Lake Wild Forest - Site 2,44.240528,-74.783405,gps,2,Ziplock,1.5,20-Jun-25,14:34,In ziplock bag. Paired with AM0041 and C0347. Deployed c. 1.5 m from ground.,Deciduous,Rural,TRUE,1,C0347,11-Jul-25,13:00,,Bag shredded by bear! Found on the ground and found hair snagged on tree. Added point to map retrocatively on 10 July 2025. Logged to summer spreadsheet 11 July 2025.,11-Jul-25,,11-Jul-25,uploaded to Summer 2025 AudioMoth Data/baggie_test/baggie/A003_SD023,,,
AM0043,North Country Wild,16,2466BE0464D67AE1,,4,June-19-2025.config,"Aidan Fauth, Liz Anderson",Raquette River,Raquette River - Sol's Island point 2,44.244579,-74.599009,gps,1,Case,2,20-Jun-25,12:25,In hard case. Can hear the road from point (but behind audio moth. Light flashing red when turned on. On small tree about 4 fee to the left of the camera tree.,Mixed,Rural,TRUE,1,C0349,11-Jul-25,9:56,,,11-Jul-25,,11-Jul-25,uploaded to Summer 2025 AudioMoth Data/baggie_test/case/A016_SD004,,,
AM0048,North Country Wild,23,2474750763FAC3ED,,9,June-19-2025.config,"Aidan, Liz",Oswegatchie River,Oswegatchie point 8; grassland w/pond,44.585173,-75.311451,gps,1.5,Ziplock,1.5,24-Jun-25,16:10,In ziplock bag; on same cluster of trees as camera; behind it on other branch; deployed with A018_SD001 and C0358,Grassland pond,Rural,TRUE,1,C0358,15-Jul-25,9:57,,,17-Jul-25,,17-Jul-25,,,FALSE,
AM0049,North Country Wild,18,24E1440163FAB36D,,1,June-19-2025.config,"Aidan, Liz",Oswegatchie River,Oswegatchie point 8; grassland w/pond,44.585173,-75.311451,gps,1.5,Case,1.5,24-Jun-25,16:10,In case; deployed with C0358 and AM0048. On same cluster of trees as C0358 and AM0048,Grassland pond,Rural,TRUE,1,C0358,15-Jul-25,9:57,,,17-Jul-25,,17-Jul-25,,,,
AM0050,North Country Wild,7,2403750364D67B21,,31,June-19-2025.config,"Aidan, Liz",Oswegatchie River,Oswegatchie round 2 point 7; Cooper Hill 1,44.209806,-75.307969,gps,1.5,Case,1.5,15-Jul-25,16:30,in case; moved from previous location; new sd but no new batteries; same red maple as camera,Deciduous,Rural,TRUE,1,C0365,13-Sep-25,12:17,FALSE,,16-Sep-25,,16-Sep-25,Looks good - data through July 27,14.11,FALSE,
AM0051,North Country Wild,8,247AA50864D67CF2,,32,June-19-2025.config,"Aidan, Liz",Oswegatchie River,Oswegatchie round 2 point 4; Huckleberry Lake (2),44.311134,-75.333807,,3.3,Ziplock,1.5,15-Jul-25,13:12,same tree as cam; moved w/out changing batteries,Mixed,Rural,TRUE,1,C0366,13-Sep-25,10:44,,,13-Sep-25,circuit board seems loose. SD card won't pop out like normal,18-Sep-25,recordings through 7/29/2025,16.63,TRUE,check unit before redeploying
AM0052,North Country Wild,20,245AAA0563FAB267,,16,June-19-2025.config,"Aidan, Liz",Oswegatchie River,Oswegatchie round 2 point 1 Wanakena,44.128472,-74.961453,gps,3.4,Case,1.5,11-Jul-25,14:55,same tree as C058_SD009,Mixed,Rural,TRUE,1,C0368,21-Sep-25,10:02,,flashing red and green upon retrieval,21-Sep-25,,21-Sep-25,recordings through 9 August 2025,33.4 gb,FALSE,
AM0053,North Country Wild,6,2453AC0264D67171,,10,June-19-2025.config,"Aidan, Liz",Grasse River,Grasse round 2 point 1 - Brandy Brook,44.24735,-74.777033,gps,2.1,Ziplock,1.5,11-Jul-25,12:25,same tree as C043_SD012; near road (busy),Mixed,Rural,TRUE,1,C0369,21-Sep-25,11:01,,no lights on retrieval,21-Sep-25,,21-Sep-25,recordings through 14 August 2025,39.78 gb,FALSE,
AM0054,North Country Wild,17,243EBE0164D67B51,,33,June-19-2025.config,"Aidan, Liz",Oswegatchie River,Oswegatchie Round 2 point 5 - River Rd,44.2657,-75.223638,gps,4,Case,1.5,14-Jul-25,14:29,same tree as C064_SD041; blueberries nearby,Mixed,Rural,TRUE,1,C064_SD041,13-Sep-25,11:37,TRUE,"flashing red when back at lab, so was working? 5:00 pm ish 13 Sept",22-Sep-25,,22-Sep-25,recordings through 17 August,37.9 gb,FALSE,
AM0055,North Country Wild,9,2466BE0464D67B31,,34,June-19-2025.config,"Aidan, Liz",Oswegatchie River,Oswegatchie Round 2 Point 6 - Fine,44.246256,-75.128596,gps,1.7,Ziplock,1.5,15-Jul-25,15:26,same tree as cam (red maple),Mixed,Rural,TRUE,1,C087_SD102,13-Sep-25,13:17,FALSE,green and red flashing - issue!,22-Sep-25,,22-Sep-25,recordings through 17 August 2025,38.73 gb,FALSE,
AM0056,North Country Wild,18,24E1440163FAB36D,,35,June-19-2025.config,"Aidan, Liz",Grasse River,Grasse River Round 2 point 6 - Tooley Pond Rd. 1,44.346091,-75.061507,gps,1.1,Case,1.5,16-Jul-25,12:08,same tree as cam. Use zipties for case.,Mixed,Rural,TRUE,1,C0372,28-Sep-25,17:36,FALSE,flashing short flashes of green and red - recording failure,30-Sep-25,,30-Sep-25,recordings through 19 Aug 2025,39.18 gb,TRUE,AM flashing red-green at retrieval. Why wasn't it still recording? Room available on microSD
AM0057,North Country Wild,13,242A260463FAA578,,11,June-19-2025.config,"Aidan, Liz",Grasse River,Grasse River Round 2 point 2 Cranberry Lake Wild Forest,44.241179,-74.783922,gps,8,Case,1,11-Jul-25,13:20,On little beech tree up against cam tree.,Deciduous,Rural,TRUE,1,C0373,28-Sep-25,14:55,FALSE,cam deployed w AM was hit by bear and poop found under camera,30-Sep-25,,30-Sep-25,NO DATA ON CARD,,TRUE,Not working on retrieval. No data recorded.
AM0058,North Country Wild,1,24F3190863FAA5B9,,36,June-19-2025.config,"Aidan, Liz",Grasse River,Grasse River Round 2 Point 3 - Donnerville Rd,44.431933,-75.111025,gps,2.3,Case,,16-Jul-25,10:22,Same tree as C068_SD101,Deciduous,Rural,TRUE,1,C068_SD101,3-Oct-25,10:12,FALSE,flashing red&green quick flash upon retrieval,3-Oct-25,,12-Oct-25,recordings 7/16/25 through 7/25/2025,9.9 gb,TRUE,seems to have stopped working on 7/25
AM0059,North Country Wild,23,2474750763FAC3ED,,37,June-19-2025.config,"Aidan, Liz",Grasse River,Grasse River Round 2 point 2 - Backus Rd,44.417092,-75.109611,gps,1.3,Ziplock,1.5,16-Jul-25,11:06,Same red maple as cam. Near trail & grassland edge,Mixed,Rural,TRUE,1,C054_SD110,3-Oct-25,10:48,FALSE,flashing red and green quick flash upon retrieval,3-Oct-25,,12-Oct-25,recordings 7/16/25 through 8/14/2025,33.33 gb,FALSE,
AM0072,North Country Wild,4,242A260463FA7A6E,,101,June-19-2025.config,"Aidan, Liz",Raquette River,Raquette River Round 2 - Site 4 - Leonard Pond 2),44.338571,-74.729428,gps,3,Ziplock,1.5,14-Jul-25,12:43,Same hemlock tree as cam; not deployed w/ fresh batteries; moved from one point to next same day w/new sd card,Mixed,Rural,TRUE,1,C021_SD084,17-Sep-25,17:57,FALSE,"bag torn or chewed open on right side; batteries rusted, corroded",17-Sep-25,,22-Nov-25,recordings through 7/26/2025,13.44 gb,FALSE,
AM0097,North Country Wild,9,2466BE0464D67B31,,12,June-19-2025.config,"Liz Anderson, Aidan Fauth",Raquette River,Raquette River point 8,44.521781,-74.826392,gps,2.8,Ziplock,1.5,23-Jun-25,14:46,no flagging; on hemlock tree about 7 ft to the right when facing camera,Mixed,Rural,TRUE,1,C0422,14-Jul-25,14:16,,,,,17-Jul-25,recordings through 14 July 2025;,24.41 gb,FALSE,
AM0098,North Country Wild,8,247AA50864D67CF2,,21,June-19-2025.config,"Liz Anderson, Aidan Fauth",Oswegatchie River,Oswegatchie point 6 - Wolf/Moon lake,44.313438,-75.323153,gps,5.3,Ziplock,2,24-Jun-25,14:15,same tree as AM075_SD008 and C065_SD090; deployed on woodland-wetland edge,Other,Rural,TRUE,1,C065_SD090,15-Jul-25,12:26,TRUE,,,,17-Jul-25,recordings through 15 July 2025;,24.3 gb,FALSE,
AM0099,North Country Wild,4,242A260463FA7A6E,,13,June-19-2025.config,"Liz Anderson, Aidan Fauth",Raquette River,Raquette River point 5,44.33908,-74.726315,gps,2.2,Ziplock,1.5,23-Jun-25,12:36,with AM017_SD017 and cam C062_SD036 in red maple,Deciduous,Rural,TRUE,1,C062_SD036,14-Jul-25,12:00,TRUE,no damage to ziplock upon pickup,,,17-Jul-25,recordings through 14 July 2025;,24.26 gb,FALSE,
AM0100,North Country Wild,16,2466BE0464D67AE1,,23,June-19-2025.config,"Liz Anderson, Aidan Fauth",Raquette River,Raquette River round 2 - site 8,44.502464,-74.740888,gps,0.7,Case,1.5,14-Jul-25,16:21,same tree as camera; not deployed with all new batteries - 1 new and 2 old from another AM - added in the field,Mixed,Rural,TRUE,1,C061_SD107,21-Sep-25,16:32,FALSE,,,,4-Oct-25,NO DATA ON CARD,,TRUE,no recordings; batteries changed in field which likely aborted configuration file
AM0101,North Country Wild,24,242A260463FAD01C,,4,June-19-2025.config,"Liz Anderson, Aidan Fauth",Raquette River,Raquette River round 2 - site 7,44.478233,-74.746199,gps,1,Ziplock,1.5,14-Jul-25,15:50,same tree as camera,Mixed,Rural,TRUE,1,C051_SD108,21-Sep-25,16:15,FALSE,,,,3-Oct-25,recordings through 18 Aug 2025;,40.15 gb,FALSE,
AM0102,North Country Wild,25,24E1440163FAC414,,100,June-19-2025.config,Liz Anderson,Raquette River,Raquette River round 2 - site 5,44.346637,-74.723388,gps,0.8,Case,1.5,14-Jul-25,13:49,small Am beech tree 3 feet to left of camera when facing it; no flagging; no deployed with new batteries - moved same day from old site on Raquette round 1,Deciduous,Rural,TRUE,1,C062_SD025,21-Sep-25,14:00,FALSE,,,,4-Oct-25,recordings through 28 July 2025;,15.98 gb,FALSE,
AM0103,North Country Wild,11,2466BE0146D67B51,,18,June-19-2025.config,Liz Anderson,Raquette River,Raquette River round 2 - site 3 Leonard Pond near river,44.312506,-74.71822,gps,5,Ziplock,1.5,14-Jul-25,10:54,in same hemlock as camera; can hear river from site and AM is facing river,Mixed,Rural,TRUE,1,C063_SD026,17-Sep-25,16:30,TRUE,,,,4-Oct-25,recordings through 20 August 2025;,42.62 gb,FALSE,
AM0104,North Country Wild,1,24F3190863FAA5B9,,7,June-19-2025.config,"Liz Anderson, Aidan Fauth",Oswegatchie River,Oswegatchie pt 2 - cooper hill,44.211742,-75.300103,gps,3.3,Case,1.5,24-Jun-25,11:10,in same beech tree as C045_SD075; on a branch of tree,Deciduous,Rural,TRUE,1,C054_SD075,15-Jul-25,16:15,TRUE,cam was hit by something noticed on pickup AM seems fine,,,17-Jul-25,recordings through 15 July 2025;,24.61 gb,FALSE,
AM0105,North Country Wild,2,243B1F0663FADE06,,30,June-19-2025.config,"Liz Anderson, Aidan Fauth",Grasse River,Grasse river point 4,44.286178,-74.965314,gps,0.81,Case,1.5,25-Jun-25,14:15,on small dead tree behind camera about 7 feet. SD card has no number (numbered later in lab as 30).,Mixed,Rural,TRUE,1,C069_SD064,16-Jul-25,13:50,TRUE,,,,17-Jul-25,recordings through 16 July 2025;,24.4 gb,FALSE,
AM0106,North Country Wild,7,2403750364D67B21,,8,June-19-2025.config,"Liz Anderson, Aidan Fauth",Oswegatchie River,Oswegatchie point 6 - Wolf/Moon lake,44.313432,-75.323156,,,Case,2,24-Jun-25,14:23,with AM008_SD021 (in ziplock) and cam C065_SD090 in same tree; woodland-wetland edge; on a branch next to other AM on trunk,Other,Rural,TRUE,1,C065_SD090,15-Jul-25,12:26,TRUE,,,,17-Jul-25,recordings through 15 July 2025;,24.29 gb,FALSE,
AM0116,North Country Wild,19,243B1F0663FAA578,,22,June-19-2025.config,"Aidan, Liz",Grasse River,Grasse River point 6,44.365391,-75.082019,gps,1.8,Case,1.5,25-Jun-25,15:38,with AM0117; same beech tree as camera,Deciduous,Rural,TRUE,1,C056_SD087,16-Jul-25,11:38,TRUE,flashing red and green on pickup,,,17-Jul-25,recordings through 15 July 2025;,22.82 gb,FALSE,
AM0117,North Country Wild,21,24E1440163FA58EC,,3,June-19-2025.config,"Aidan, Liz",Grasse River,Grasse river point 6,44.365379,-75.081958,gps,2,Ziplock,1.5,25-Jun-25,15:40,same beech as camera; with AM0116,Deciduous,Rural,TRUE,1,C056_SD087,16-Jul-25,11:38,TRUE,,,,17-Jul-25,recordings through 16 July 2025;,24.18 gb,FALSE,
AM0118,North Country Wild,25,24E1440163FAC414,,6,June-19-2025.config,"Aidan, Liz",Raquette River,Raquette river point 3 leonard pond,44.31592,-74.723485,phone,4.7,Case,2,23-Jun-25,11:03,"in young spruce tree about 30 feet in front and to right of camera view; wetland (coniferous); camera and audiomoth are on edge of wetland pond, facing away on game trail",Evergreen,Rural,TRUE,1,C063_SD077,14-Jul-25,10:15,TRUE,,,,17-Jul-25,recordings through 14 July 2025;,24.4 gb,FALSE,
AM0120,North Country Wild,17,243EBE0164D67B51,,17,June-19-2025.config,Aidan and Liz,Raquette River,Raquette river pont 5,44.3390031,-74.726272,gps,2.2,Case,1.5,23-Jun-25,12:34,on red maple with AM004_SD013 (in ziplock) next to C062_SD036,Deciduous,Rural,TRUE,1,C062_SD036,14-Jul-25,12:00,TRUE,,,,17-Jul-25,recordings through 14 July 2025;,24.27 gb,FALSE,